<?xml version="1.0" encoding="UTF-8"?>
<project-private xmlns="http://www.netbeans.org/ns/project-private/1">
    <editor-bookmarks xmlns="http://www.netbeans.org/ns/editor-bookmarks/2" lastBookmarkId="0"/>
    <open-files xmlns="http://www.netbeans.org/ns/projectui-open-files/2">
        <group>
            <file>file:/D:/temp/Gen_coll/src/gen_coll/SetExample.java</file>
            <file>file:/D:/temp/Gen_coll/src/gen_coll/TestGeneric.java</file>
            <file>file:/D:/temp/Gen_coll/src/gen_coll/MapExample.java</file>
            <file>file:/D:/temp/Gen_coll/src/gen_coll/ArrayDequeTest.java</file>
            <file>file:/D:/temp/Gen_coll/src/gen_coll/Gen_coll.java</file>
        </group>
    </open-files>
</project-private>
